date,R_t-estimate,school_closing,cancel_public_events,restrictions_on_gatherings,internationaltravel,temperature,windspeed,full_vaccination,visible,new_deaths
2020/3/24,2.09,3,2,4,4,74.2,3.6,0,1.8,0
2020/3/25,1.98,3,2,4,4,76.6,4.4,0,1.7,2
2020/3/26,1.84,3,2,4,4,73.3,5.9,0,1.6,8
2020/3/27,1.82,3,2,4,4,69.5,4.9,0,1.7,0
2020/3/28,1.8,3,2,4,4,72,5.6,0,1.8,4
2020/3/29,2.02,3,2,4,4,74.8,7.1,0,1.9,3
2020/3/30,2.3,3,2,4,4,73.3,5.7,0,1.9,5
2020/3/31,2.32,3,2,4,4,75,4.8,0,2.1,3
2020/4/1,2.33,3,2,4,4,75.9,5.3,0,2.1,23
2020/4/2,2.22,3,2,4,4,75.9,6.6,0,2,14
2020/4/3,2.22,3,2,4,4,74.7,4.6,0,2.1,0
2020/4/4,2.19,3,2,4,4,76.2,4,0,2.1,14
2020/4/5,2.12,3,2,4,4,79.2,3.4,0,1.9,13
2020/4/6,2.05,3,2,4,4,84.2,5,0,2,37
2020/4/7,1.97,3,2,4,4,79.3,6.9,0,2,14
2020/4/8,1.81,3,2,4,4,79.6,6.2,0,2.1,28
2020/4/9,1.69,3,2,4,4,78.6,4.2,0,2.2,48
2020/4/10,1.61,3,2,4,4,83.3,2.9,0,2,20
2020/4/11,1.6,3,2,4,4,85.6,5.2,0,2.1,42
2020/4/12,1.56,3,2,4,4,84.6,4.7,0,2.3,43
2020/4/13,1.51,3,2,4,4,86.7,3.8,0,2.2,27
2020/4/14,1.43,3,2,4,4,89.9,2.6,0,2.2,35
2020/4/15,1.38,3,2,4,4,89.6,3.5,0,2,12
2020/4/16,1.43,3,2,4,4,89.5,5.4,0,2.2,43
2020/4/17,1.41,3,2,4,4,87.1,5.5,0,2.2,38
2020/4/18,1.45,3,2,4,4,83.1,6.3,0,2.1,35
2020/4/19,1.43,3,2,4,4,83.3,3.6,0,2.1,38
2020/4/20,1.39,3,2,4,4,79.9,4.1,0,2.1,33
2020/4/21,1.34,3,2,4,4,83,3.7,0,2,53
2020/4/22,1.3,3,2,4,4,85.7,3.1,0,2.3,36
2020/4/23,1.27,3,2,4,4,84.2,3.7,0,2,40
2020/4/24,1.28,3,2,4,4,85.7,2.7,0,2.5,59
2020/4/25,1.26,3,2,4,4,87.3,4.9,0,2.5,45
2020/4/26,1.24,3,2,4,4,75.2,6.4,0,1.7,56
2020/4/27,1.21,3,2,4,4,80.7,8.8,0,2.4,58
2020/4/28,1.25,3,2,4,4,84.3,3.7,0,2.4,69
2020/4/29,1.29,3,2,4,4,87.6,4.2,0,2.2,71
2020/4/30,1.38,3,2,4,4,88.8,3.2,0,2.1,75
2020/5/1,1.54,3,2,4,4,88.5,6.4,0,2.1,69
2020/5/2,1.61,3,2,4,4,85.8,9.6,0,1.7,100
2020/5/3,1.66,3,2,4,4,80.4,6.4,0,1.8,68
2020/5/4,1.63,3,2,4,4,83.5,3.2,0,2.3,175
2020/5/5,1.52,3,2,4,4,87.6,4,0,2.2,127
2020/5/6,1.38,3,2,4,4,85.4,4.4,0,2.1,92
2020/5/7,1.31,3,2,4,4,86.8,4.6,0,2.7,104
2020/5/8,1.22,3,2,4,4,90.4,4.8,0,2.2,96
2020/5/9,1.21,3,2,4,4,92.4,5.5,0,2.3,116
2020/5/10,1.18,3,2,4,4,81.2,7.3,0,1.8,111
2020/5/11,1.17,3,2,4,4,85.5,6.2,0,2,82
2020/5/12,1.14,3,2,4,4,88.7,4.5,0,2.5,121
2020/5/13,1.16,3,2,4,4,86.4,3.4,0,1.8,136
2020/5/14,1.2,3,2,4,4,86.9,5.2,0,2.2,98
2020/5/15,1.27,3,2,4,4,90,6,0,2.4,104
2020/5/16,1.37,3,2,4,4,91.2,4.8,0,2.4,118
2020/5/17,1.41,3,2,4,4,90.2,2.9,0,1.6,154
2020/5/18,1.43,3,2,4,4,91.8,4.1,0,2.2,131
2020/5/19,1.44,3,2,4,4,93.3,3.3,0,2.2,146
2020/5/20,1.41,3,2,4,4,92.9,6,0,2.1,132
2020/5/21,1.39,3,2,4,4,94.6,4.7,0,2.4,150
2020/5/22,1.34,3,2,4,4,97.9,2.8,0,2.4,142
2020/5/23,1.23,3,2,4,4,100.2,5.6,0,2.1,142
2020/5/24,1.18,3,2,4,4,100.3,5.4,0,2.2,156
2020/5/25,1.13,3,2,4,4,99,4.2,0,2.6,148
2020/5/26,1.14,3,2,4,4,101.2,5.7,0,2.4,172
2020/5/27,1.2,3,2,4,4,100.5,7,0,2.4,190
2020/5/28,1.27,3,2,4,4,90.1,9.7,0,1.9,177
2020/5/29,1.3,3,2,4,4,84,7.6,0,1.7,269
2020/5/30,1.29,3,2,4,4,83,7.2,0,2.1,205
2020/5/31,1.25,3,2,4,4,77.9,5.2,0,2.3,223
2020/6/1,1.24,3,2,4,4,85.3,1.5,0,2.4,200
2020/6/2,1.23,3,2,4,4,87.9,4,0,2.4,221
2020/6/3,1.24,3,2,4,4,88.5,3,0,2.1,259
2020/6/4,1.25,3,2,4,4,83.5,3.5,0,1.5,275
2020/6/5,1.2,3,2,4,4,84.3,4.7,0,1.9,286
2020/6/6,1.14,3,2,4,4,87,4.1,0,2.1,297
2020/6/7,1.08,3,2,4,4,84.5,4.2,0,1.8,261
2020/6/8,1.06,3,2,4,4,90.7,4,0,2,266
2020/6/9,1.1,3,2,4,4,95.8,3.5,0,2.1,277
2020/6/10,1.15,3,2,4,4,93.3,3.1,0,2.1,352
2020/6/11,1.19,3,2,4,4,95.3,3.6,0,2.1,396
2020/6/12,1.2,3,2,4,4,96.2,4.9,0,1.8,386
2020/6/13,1.13,3,2,4,4,89.6,4.5,0,1.7,311
2020/6/14,1.1,3,2,4,4,94.7,3.9,0,1.9,325
2020/6/15,1.11,3,2,4,4,97.2,5.2,0,2.5,380
2020/6/16,1.18,3,2,4,4,96.4,5.8,0,2.3,2003
2020/6/17,1.28,3,2,4,4,95,7.3,0,2.4,334
2020/6/18,1.35,3,2,4,4,97.7,6.4,0,2.2,336
2020/6/19,1.36,3,2,4,4,96.9,6.9,0,1.7,375
2020/6/20,1.31,3,2,4,4,89.4,5.5,0,1.7,306
2020/6/21,1.25,3,2,4,4,89.2,4.9,0,1.7,445
2020/6/22,1.22,3,2,4,4,90.4,6,0,2.1,312
2020/6/23,1.23,3,2,4,4,90.5,7.9,0,2.2,465
2020/6/24,1.27,3,2,4,4,87.5,6.5,0,2.1,418
2020/6/25,1.3,3,2,4,4,89.5,3.2,0,1.9,407
2020/6/26,1.28,3,2,4,4,90.6,5.5,0,1.9,384
2020/6/27,1.21,3,2,4,4,94.3,7.1,0,1.8,410
2020/6/28,1.13,3,2,4,4,99,6.8,0,1.7,380
2020/6/29,1.09,3,2,4,4,92.9,7.3,0,1.8,418
2020/6/30,1.11,3,2,4,4,91.5,6.3,0,1.9,507
2020/7/1,1.2,3,2,4,4,93.5,5.1,0,1.8,434
2020/7/2,1.29,3,2,4,4,96.3,4.6,0,1.6,379
2020/7/3,1.31,3,2,4,4,93.8,6.1,0,1.9,442
2020/7/4,1.26,3,2,4,4,90.5,7.9,0,1.9,613
2020/7/5,1.18,3,2,4,4,84.4,4.8,0,2.3,425
2020/7/6,1.13,3,2,4,4,88.1,5.9,0,1.6,466
2020/7/7,1.13,3,2,4,4,85,9.1,0,1.8,483
2020/7/8,1.19,3,2,4,4,86,4.6,0,1.6,487
2020/7/9,1.25,3,2,4,4,90.4,3.9,0,2.4,475
2020/7/10,1.27,3,2,4,4,91.5,6.7,0,2.6,519
2020/7/11,1.23,3,2,4,4,89.7,4.7,0,2.3,550
2020/7/12,1.21,3,2,4,4,85.5,5.8,0,2,501
2020/7/13,1.23,3,2,4,4,89.5,3.9,0,2.2,553
2020/7/14,1.27,3,2,4,4,93,4.7,0,2.2,582
2020/7/15,1.32,3,2,4,4,90.4,6.8,0,1.9,605
2020/7/16,1.37,3,2,4,4,89.7,6.3,0,1.9,688
2020/7/17,1.34,3,2,4,4,89.8,6.6,0,1.5,671
2020/7/18,1.27,3,2,4,4,89.5,5.7,0,1.7,543
2020/7/19,1.24,3,2,4,4,85.6,4.7,0,1.9,681
2020/7/20,1.26,3,2,4,4,82.6,5.3,0,2,585
2020/7/21,1.31,3,2,4,4,79.7,5.2,0,1.5,650
2020/7/22,1.34,3,2,4,4,79,3.1,0,1.6,1129
2020/7/23,1.33,3,2,4,4,85.5,3.1,0,1.9,740
2020/7/24,1.24,3,2,4,4,85,4.2,0,1.8,757
2020/7/25,1.16,3,2,4,4,86.1,4.1,0,1.5,702
2020/7/26,1.06,3,2,4,4,89,2.3,0,1.9,711
2020/7/27,1.05,3,2,4,4,89.4,5.7,0,2.3,637
2020/7/28,1.16,3,2,4,4,91.1,4.8,0,2.4,785
2020/7/29,1.2,3,2,4,4,84.1,4.7,0,2.2,762
2020/7/30,1.2,3,2,4,4,83.3,3.3,0,2.2,763
2020/7/31,1.15,3,2,4,4,86.9,3.3,0,1.5,793
2020/8/1,1.04,3,2,4,4,84.6,7.2,0,1.1,853
2020/8/2,0.99,3,2,4,4,87.8,3.7,0,1.8,771
2020/8/3,1.02,3,2,4,4,89.2,5.4,0,1.9,803
2020/8/4,1.07,3,2,4,4,89.9,2.9,0,1.5,857
2020/8/5,1.2,3,2,4,4,87.1,2.9,0,1.3,904
2020/8/6,1.24,3,2,4,4,89.6,10,0,2.4,886
2020/8/7,1.16,3,2,4,4,87.6,6.3,0,2.1,933
2020/8/8,1.08,3,2,4,4,89.1,2.7,0,1.9,861
2020/8/9,1.03,3,2,4,4,85.4,2.7,0,1.9,1007
2020/8/10,1.01,3,2,4,4,86.9,4,0,1.6,871
2020/8/11,1.07,3,2,4,4,87,3.6,0,1.5,834
2020/8/12,1.1,3,2,4,4,87.2,5.9,0,1.9,942
2020/8/13,1.06,3,2,4,4,80.7,3.3,0,1.5,1007
2020/8/14,0.99,3,2,4,4,84.2,5.1,0,1.5,996
2020/8/15,0.92,3,2,4,4,86.2,4.9,0,2,944
2020/8/16,0.93,3,2,4,4,87.5,4.4,0,1.9,941
2020/8/17,1.04,3,2,4,4,85.9,4.2,0,1.6,876
2020/8/18,1.15,3,2,4,4,85.1,3.6,0,1.9,1091
2020/8/19,1.21,3,2,4,4,80,4.6,0,0.9,978
2020/8/20,1.16,3,2,4,4,79.9,4.5,0,1.2,983
2020/8/21,1.05,3,2,4,4,85,5.5,0,2.2,945
2020/8/22,0.88,3,2,4,4,85.8,7.8,0,2.7,912
2020/8/23,0.95,3,2,4,4,83.9,8,0,1.9,836
2020/8/24,1.06,3,2,4,4,83.2,6.7,0,1.7,848
2020/8/25,1.21,3,2,4,4,84.4,4.4,0,2.2,967
2020/8/26,1.3,3,2,4,4,85.2,3.8,0,2.3,1115
2020/8/27,1.31,3,2,4,4,86.8,4.3,0,2.3,1057
2020/8/28,1.17,3,2,4,4,82.6,3.3,0,1.2,1021
2020/8/29,1.08,3,2,4,4,86.2,3.4,0,1.7,948
2020/8/30,0.98,3,2,4,4,82.2,9,0,2,971
2020/8/31,1.04,3,2,4,4,83.2,6.3,0,2.5,819
2020/9/1,1.12,3,2,4,4,85.4,4.5,0,2.3,1045
2020/9/2,1.18,3,2,4,4,86.2,2.5,0,2.3,1043
2020/9/3,1.21,3,2,4,4,86.9,6.1,0,1.8,1096
2020/9/4,1.15,3,2,4,4,85.5,3.6,0,1.7,1089
2020/9/5,1.08,3,2,4,4,83.6,3.7,0,1.7,1065
2020/9/6,1.05,3,2,4,4,85.2,2.3,0,1.6,1016
2020/9/7,1.08,3,2,4,4,83.2,2.6,0,1.3,1133
2020/9/8,1.13,3,2,4,4,86.6,2.4,0,1.7,1115
2020/9/9,1.15,3,2,4,4,87.5,3.7,0,1.7,1172
2020/9/10,1.13,3,2,4,4,87.2,3.5,0,1.6,1209
2020/9/11,1.06,3,2,4,4,89,2.3,0,1.8,1201
2020/9/12,0.94,3,2,4,4,89.5,2.3,0,2,1114
2020/9/13,0.92,3,2,4,4,88.8,2.2,0,1.4,1136
2020/9/14,0.96,3,2,4,4,88.4,2.4,0,1.6,1054
2020/9/15,1.02,3,2,4,4,88.9,1.9,0,1.7,1290
2020/9/16,1.06,3,2,4,4,90,4.1,0,1.8,1132
2020/9/17,1.03,3,2,4,4,90.2,5.5,0,2.2,1174
2020/9/18,0.93,3,2,4,4,90.5,5.4,0,2.2,1247
2020/9/19,0.83,3,2,4,4,90,2.7,0,2.1,1133
2020/9/20,0.78,3,2,4,4,89.3,4.2,0,1.9,1130
2020/9/21,0.83,3,2,4,4,89.2,4,0,2,1053
2020/9/22,0.92,3,2,4,4,88.6,3.9,0,1.9,1085
2020/9/23,1.01,3,2,4,4,87.6,4.7,0,2.2,1129
2020/9/24,1.04,3,2,4,4,86.8,3.8,0,2.1,1141
2020/9/25,0.99,3,2,4,4,87.8,3.8,0,2,1089
2020/9/26,0.91,3,2,4,4,83.8,4.6,0,1.9,1124
2020/9/27,0.89,3,2,4,4,84.2,2.6,0,2.2,1039
2020/9/28,0.91,3,2,4,4,86.1,4.8,0,2.2,776
2020/9/29,0.96,3,2,4,4,85.5,5.3,0,2.1,1179
2020/9/30,0.98,3,2,4,4,84,4.5,0,2,1181
2020/10/1,0.97,2,2,4,4,85.2,3.9,0,1.8,1095
2020/10/2,0.87,2,2,4,4,84.6,3.5,0,2.4,1069
2020/10/3,0.78,2,2,4,4,82.8,3.4,0,1.8,940
2020/10/4,0.78,2,2,4,4,81.7,2.6,0,1.8,903
2020/10/5,0.85,2,2,4,4,82.2,3.4,0,2.1,884
2020/10/6,0.95,2,2,4,4,82.1,3.7,0,1.8,986
2020/10/7,1.03,2,2,4,4,83,3.8,0,2.1,971
2020/10/8,1.02,2,2,4,4,82.7,3.1,0,1.7,964
2020/10/9,0.93,2,2,4,4,82,2.5,0,1.9,926
2020/10/10,0.81,2,2,4,4,82.1,3.4,0,1.7,918
2020/10/11,0.76,2,2,4,4,81,2.6,0,1.9,816
2020/10/12,0.8,2,2,4,4,80.9,1.7,0,1.6,706
2020/10/13,0.86,2,2,4,4,83,2.3,0,1.3,730
2020/10/14,0.92,2,2,4,4,84.4,1.6,0,1.3,680
2020/10/15,0.93,1,2,2,4,82.3,1.7,0,1.6,895
2020/10/16,0.86,1,2,2,4,79.6,1.8,0,1.6,837
2020/10/17,0.75,1,2,2,4,78.3,1.7,0,1.5,1033
2020/10/18,0.71,1,2,2,4,78.7,2.6,0,1.5,579
2020/10/19,0.77,1,2,2,4,78.2,4,0,1.7,587
2020/10/20,0.86,1,2,2,4,76.6,1.7,0,1.6,717
2020/10/21,0.92,1,2,2,4,78.3,1.4,0,1.8,702
2020/10/22,0.92,1,2,2,4,76.9,1.1,0,1.3,690
2020/10/23,0.81,1,2,2,4,77,1,0,1.5,650
2020/10/24,0.68,1,2,2,4,74.7,2.3,0,1.5,578
2020/10/25,0.68,1,2,2,4,74.8,1.1,0,1.1,480
2020/10/26,0.78,1,2,2,4,76.1,2.9,0,1.3,488
2020/10/27,0.95,1,2,2,3,73.5,2.8,0,1.4,508
2020/10/28,1.09,1,2,2,3,71.9,1.3,0,1.2,517
2020/10/29,1.12,1,2,2,3,70.9,0.7,0,0.9,563
2020/10/30,1.03,1,2,2,3,72.9,3.1,0,1,551
2020/10/31,0.92,1,2,2,3,70.8,3.7,0,1.1,470
2020/11/1,0.89,1,2,2,3,70.8,2.7,0,1.4,496
2020/11/2,0.95,1,2,2,3,66.8,1.9,0,1.4,490
2020/11/3,1.07,1,2,2,3,69.9,1.8,0,1.3,514
2020/11/4,1.12,1,2,2,3,67,1.9,0,0.7,704
2020/11/5,1.1,1,2,2,3,68.3,1.4,0,0.8,670
2020/11/6,1,1,2,2,3,68.1,1.2,0,0.8,577
2020/11/7,0.87,1,2,2,3,68.8,1.9,0,0.7,559
2020/11/8,0.84,1,2,2,3,67.7,0.4,0,0.5,490
2020/11/9,0.89,1,2,2,3,65.5,1.3,0,0.5,448
2020/11/10,0.95,1,2,2,3,66.3,1.2,0,0.7,512
2020/11/11,1,1,2,2,3,67.1,1.5,0,1.2,550
2020/11/12,0.89,1,2,2,3,69,0.5,0,1.1,547
2020/11/13,0.74,1,2,2,3,67.4,1.4,0,1.2,520
2020/11/14,0.61,1,2,2,3,66.3,1.5,0,0.6,447
2020/11/15,0.66,1,2,2,3,69.6,6.4,0,1,435
2020/11/16,0.9,1,2,2,3,68.2,3.6,0,1.5,449
2020/11/17,1.18,1,2,2,3,66.3,3.1,0,1.6,474
2020/11/18,1.36,1,2,2,3,63.5,1.5,0,1.3,585
2020/11/19,1.39,1,2,2,3,63,1.6,0,1.3,584
2020/11/20,1.21,1,2,2,3,62.8,4.5,0,1.2,564
2020/11/21,1.03,3,2,4,3,60.8,3.9,0,1.4,501
2020/11/22,0.93,3,2,4,3,59.8,2.4,0,1.4,511
2020/11/23,0.92,3,2,4,3,59.5,0.6,0,1.2,480
2020/11/24,0.94,3,2,4,3,62.8,1.3,0,1,481
2020/11/25,0.97,3,2,4,3,64.7,3.4,0,0.8,524
2020/11/26,0.95,3,2,4,3,66.4,4.3,0,1.8,492
2020/11/27,0.86,3,2,4,3,62.7,4.5,0,1.6,485
2020/11/28,0.76,3,2,4,3,63.4,3.7,0,1.5,496
2020/11/29,0.71,3,2,4,3,61,1.6,0,1.6,443
2020/11/30,0.74,3,2,4,3,61.1,1.8,0,1.1,482
2020/12/1,0.83,3,2,4,3,62.4,1.1,0,1,501
2020/12/2,0.92,3,2,4,3,64.4,2.2,0,1.2,526
2020/12/3,0.97,3,2,4,3,63,1.3,0,1.2,540
2020/12/4,0.92,3,2,4,3,64.6,3.5,0,0.9,512
2020/12/5,0.82,3,2,4,3,66.1,5.1,0,0.8,482
2020/12/6,0.76,3,2,4,3,67.1,2.7,0,0.9,391
2020/12/7,0.74,3,2,4,3,63.1,2.5,0,0.5,385
2020/12/8,0.79,3,2,4,3,64.1,1.1,0,0.9,402
2020/12/9,0.87,3,2,4,3,65.9,1,0,1.2,412
2020/12/10,0.9,3,2,4,3,66.8,1.7,0,1.2,413
2020/12/11,0.86,3,2,4,3,65,3,0,1,443
2020/12/12,0.77,3,2,4,3,62.3,3.5,0,0.5,391
2020/12/13,0.71,3,2,4,3,57.4,4.9,0,1.2,336
2020/12/14,0.69,3,2,4,3,55.8,4.1,0,1.5,354
2020/12/15,0.74,3,2,4,3,53.4,3.6,0,1.1,387
2020/12/16,0.84,3,2,4,3,51,5.3,0,0.7,355
2020/12/17,0.94,3,2,4,3,47.8,6.5,0,1.1,338
2020/12/18,0.96,3,2,4,3,52.6,4.5,0,1.6,347
2020/12/19,0.93,3,2,4,3,53.8,4.1,0,1.4,341
2020/12/20,0.92,3,2,4,3,55.5,2.8,0,1.1,333
2020/12/21,0.92,3,2,4,3,56.4,1.8,0,1,301
2020/12/22,0.92,3,2,4,3,55.9,0.9,0,0.8,333
2020/12/23,0.88,3,2,4,3,56.6,1.3,0,0.6,312
2020/12/24,0.86,3,2,4,3,55.5,1.5,0,0.6,336
2020/12/25,0.78,3,2,4,3,55.3,2,0,0.9,251
2020/12/26,0.71,3,2,4,3,55.4,1.6,0,0.9,279
2020/12/27,0.74,3,2,4,3,59.2,4.9,0,1,279
2020/12/28,0.85,3,2,4,3,54.3,3.7,0,1.4,252
2020/12/29,1.27,3,2,4,3,50.1,5.1,0,1.1,286
2020/12/30,1.09,3,2,4,3,49.9,3.9,0,0.5,299
2020/12/31,0.97,3,2,4,3,48.6,2.4,0,0.4,256
2021/1/1,0.74,3,2,4,3,51.6,0.5,0,0.5,480
2021/1/2,0.5,3,2,4,3,57.9,0.8,0,0.8,-39
2021/1/3,0.53,3,2,4,3,57.4,0.5,0,0.5,214
2021/1/4,0.78,3,2,4,3,62.2,0.6,0,0.6,201
2021/1/5,0.59,3,2,4,3,62.5,1.1,0,1.1,264
2021/1/6,1.31,3,2,4,3,61.5,0.4,0,0.4,222
2021/1/7,1.15,3,2,4,3,59.9,0.6,0,0.6,234
2021/1/8,1.1,3,2,4,3,56.1,0.8,0,0.8,0
2021/1/9,1.09,3,2,4,3,58,0.6,0,0.6,429
2021/1/10,1,3,2,4,3,50.4,0.9,0,0.9,161
2021/1/11,0.88,3,2,4,3,52.1,0.9,0,0.9,167
2021/1/12,0.93,3,2,4,3,51,0.7,0,0.7,202
2021/1/13,0.62,3,2,4,3,49.9,0.6,0,0.6,198
2021/1/14,0.81,3,2,4,3,53.3,0.4,0,0.4,191
2021/1/15,0.81,3,2,4,3,54.9,0.3,0,0.3,175
2021/1/16,0.73,3,2,4,3,50.1,0.3,0.01,0.3,181
2021/1/17,0.72,3,2,4,3,51.5,0.5,0.02,0.5,145
2021/1/18,0.81,3,2,4,3,54.5,0.4,0.03,0.4,137
2021/1/19,0.94,3,2,4,3,56.4,0.5,0.05,0.5,162
2021/1/20,1.06,3,2,4,3,53,0.6,0.06,0.6,151
2021/1/21,1.1,3,2,4,3,54.8,1,0.07,1,163
2021/1/22,1.01,3,2,4,3,53.2,0.5,0.1,0.5,152
2021/1/23,0.86,3,2,4,3,56.5,0.7,0.11,0.7,155
2021/1/24,0.73,3,2,4,3,53.6,0.5,0.12,0.5,131
2021/1/25,0.85,3,2,4,3,53.8,0.7,0.15,0.7,117
2021/1/26,0.98,3,2,4,3,55.1,1.1,0.15,1.1,137
2021/1/27,1.12,3,2,4,3,55.5,1.1,0.17,1.1,123
2021/1/28,1.14,3,2,4,3,54.4,0.8,0.21,0.8,163
2021/1/29,1.01,3,2,4,3,54.4,1.1,0.25,1.1,137
2021/1/30,0.79,3,2,4,3,54.1,1.3,0.27,1.3,127
2021/1/31,0.69,3,2,4,3,56.7,1.3,0.27,1.3,118
2021/2/1,0.65,3,2,4,3,63,1.2,0.28,1.2,94
2021/2/2,0.84,3,2,4,3,63.8,0.8,0.3,0.8,110
2021/2/3,0.99,3,2,4,3,64.8,1.2,0.32,1.2,107
2021/2/4,1.08,3,2,4,3,60.1,0.9,0.36,0.9,120
2021/2/5,1.04,3,2,4,3,57.9,1,0.39,1,95
2021/2/6,0.94,3,2,4,3,58.8,1.1,0.41,1.1,78
2021/2/7,0.89,3,2,4,3,58.8,1,0.42,1,84
2021/2/8,0.86,3,2,4,3,60.2,1,0.45,1,78
2021/2/9,0.93,3,2,4,3,62.2,1.1,0.47,1.1,94
2021/2/10,0.99,3,2,4,3,66.5,1.2,0.5,1.2,108
2021/2/11,1.05,3,2,4,3,65,1.1,0.54,1.1,87
2021/2/12,1.04,3,2,4,3,65.7,1,0.57,1,103
2021/2/13,1,3,2,4,3,68.3,1.2,0.58,1.2,92
2021/2/14,0.98,3,2,4,3,68.9,1.1,0.58,1.1,90
2021/2/15,1.06,3,2,4,3,64.9,1,0.61,1,81
2021/2/16,1.13,3,2,4,3,66.5,1,0.64,1,100
2021/2/17,1.24,3,2,4,3,63.3,0.7,0.66,0.7,101
2021/2/18,1.3,3,2,4,3,60.2,0.7,0.71,0.7,97
2021/2/19,1.24,3,2,4,3,66.6,1.3,0.75,1.3,101
2021/2/20,1.13,3,2,4,3,68.8,1.6,0.78,1.6,90
2021/2/21,1.09,3,2,4,3,71.6,1.7,0.8,1.7,83
2021/2/22,1.12,3,2,4,3,72.4,1.6,0.82,1.6,78
2021/2/23,1.21,3,2,4,3,75.1,2.2,0.85,2.2,104
2021/2/24,1.29,2,2,4,3,75.3,2,0.89,2,138
2021/2/25,1.29,2,2,4,3,73.8,1.9,0.94,1.9,120
2021/2/26,1.18,2,2,4,3,68.3,1.8,0.99,1.8,113
2021/2/27,1.01,2,2,4,3,69.4,2.1,1.02,2.1,113
2021/2/28,0.92,2,2,4,3,69.4,1.8,1.03,1.8,106
2021/3/1,0.94,2,2,4,3,74.4,1.8,1.07,1.8,91
2021/3/2,1.06,2,2,4,3,72.1,1.8,1.12,1.8,98
2021/3/3,1.19,2,2,4,3,72,1.9,1.19,1.9,89
2021/3/4,1.28,2,2,4,3,77,1.9,1.29,1.9,113
2021/3/5,1.24,2,2,4,3,75.9,1.2,1.4,1.2,108
2021/3/6,1.14,2,2,4,3,78.5,1.5,1.5,1.5,100
2021/3/7,1.12,2,2,4,3,77.2,1.7,1.51,1.7,97
2021/3/8,1.19,2,2,4,3,78.3,1.5,1.65,1.5,77
2021/3/9,1.31,2,2,4,3,74.6,1.8,1.75,1.8,133
2021/3/10,1.43,2,2,4,3,74.9,1.5,1.84,1.5,126
2021/3/11,1.48,2,2,4,3,75,1.6,1.88,1.6,117
2021/3/12,1.43,2,2,4,3,76,1.6,2.03,1.6,140
2021/3/13,1.34,2,2,4,3,75.9,1.2,2.13,1.2,161
2021/3/14,1.34,2,2,4,3,78.8,1.4,2.15,1.4,118
2021/3/15,1.46,2,2,4,3,78.8,1.5,2.36,1.5,131
2021/3/16,1.58,2,2,4,3,79.4,1.8,2.52,1.8,188
2021/3/17,1.67,2,2,4,3,77.4,1.7,2.67,1.7,172
2021/3/18,1.67,2,2,4,3,80.2,2,2.82,2,154
2021/3/19,1.54,2,2,4,3,79.8,1.7,3.02,1.7,188
2021/3/20,1.4,2,2,4,3,74.9,1.7,3.2,1.7,197
2021/3/21,1.31,2,2,4,3,76.7,1.7,3.23,1.7,212
2021/3/22,1.33,2,2,4,3,73.3,1.9,3.48,1.9,199
2021/3/23,1.41,2,2,4,3,74.9,1.8,3.65,1.8,275
2021/3/24,1.46,2,2,4,3,79.2,1.8,3.81,1.8,251
2021/3/25,1.49,2,2,4,3,83.5,1.9,3.98,1.9,257
2021/3/26,1.38,2,2,4,3,86.4,2,4.17,2,291
2021/3/27,1.18,2,2,4,3,84.9,1.3,4.33,1.3,312
2021/3/28,1.11,2,2,4,3,80.9,1.9,4.34,1.9,291
2021/3/29,1.14,2,2,4,3,79.5,1.8,4.39,1.8,271
2021/3/30,1.31,2,2,4,3,78.9,1.9,4.53,1.9,354
2021/3/31,1.51,2,2,4,3,79.8,2,4.67,2,459
2021/4/1,1.63,2,2,4,3,82.3,1.8,4.94,1.8,469
2021/4/2,1.63,2,2,4,3,86.9,1.8,5.24,1.8,714
2021/4/3,1.58,2,2,4,3,87.8,1.4,5.45,1.4,513
2021/4/4,1.49,2,2,4,3,84.9,1.8,5.68,1.8,478
2021/4/5,1.48,3,2,4,3,81,1.9,5.96,1.9,446
2021/4/6,1.51,3,2,4,3,83.4,2.2,6.25,2.2,630
2021/4/7,1.53,3,2,4,3,84.7,2,6.47,2,685
2021/4/8,1.53,3,2,4,3,85.6,1.8,6.77,1.8,780
2021/4/9,1.49,3,2,4,3,86.4,1.4,7.04,1.4,794
2021/4/10,1.45,3,2,4,3,87.6,1.7,7.29,1.7,839
2021/4/11,1.43,3,2,4,3,88.5,2,7.5,2,904
2021/4/12,1.46,3,2,4,3,88.1,1.6,7.79,1.6,879
2021/4/13,1.49,3,2,4,3,81.9,1.5,7.98,1.5,1027
2021/4/14,1.55,3,2,4,3,80.3,1.9,8.22,1.9,1038
2021/4/15,1.56,3,2,4,3,83.9,1.9,8.41,1.9,1185
2021/4/16,1.51,3,2,4,3,86.5,1.7,8.61,1.7,1341
2021/4/17,1.45,3,2,4,3,81.1,1.6,8.8,1.6,1501
2021/4/18,1.4,3,2,4,3,78.5,1.8,8.89,1.8,1619
2021/4/19,1.38,3,2,4,3,81.5,2.1,9.12,2.1,1761
2021/4/20,1.38,3,2,4,3,78.8,1.8,9.12,1.8,2023
2021/4/21,1.36,3,2,4,3,80.3,2.1,9.3,2.1,2104
2021/4/22,1.32,3,2,4,3,83,1.8,9.53,1.8,2263
2021/4/23,1.23,3,2,4,3,87.8,1.6,9.53,1.6,2624
2021/4/24,1.14,3,2,4,3,90.8,1.4,9.53,1.4,2767
2021/4/25,1.1,3,2,4,3,93,1.7,9.99,1.7,2812
2021/4/26,1.11,3,2,4,3,92.4,1.5,10.23,1.5,2771
2021/4/27,1.17,3,2,4,3,92.7,1.5,10.4,1.5,3293
2021/4/28,1.19,3,2,4,3,91.9,1.4,10.55,1.4,3645
2021/4/29,1.15,3,2,4,3,89.6,1.9,10.71,1.9,3498
2021/4/30,1.08,3,2,4,3,90.6,1.8,10.91,1.8,3523
2021/5/1,0.98,3,2,4,3,91.1,2,11.03,2,3689
2021/5/2,0.98,3,2,4,3,90.5,1.9,11.07,1.9,3417
2021/5/3,1.03,3,2,4,3,82.9,1.9,11.2,1.9,3449
2021/5/4,1.08,3,2,4,3,85.4,1.8,11.32,1.8,3780
2021/5/5,1.12,3,2,4,3,90.3,2.3,11.48,2.3,3980
2021/5/6,1.07,3,2,4,3,88.2,2,11.67,2,3915
2021/5/7,0.94,3,2,4,3,87.2,2.1,11.86,2.1,4187
2021/5/8,0.82,3,2,4,3,89.2,2.2,12.02,2.2,4077
2021/5/9,0.77,3,2,4,3,88.1,1.8,12.08,1.8,3769
2021/5/10,0.78,3,2,4,3,81.5,1.9,12.28,1.9,3876
2021/5/11,0.83,3,2,4,3,87,2.3,12.48,2.3,4205
2021/5/12,0.84,3,2,4,3,87.6,2.1,12.63,2.1,4120
2021/5/13,0.82,3,2,4,3,92.1,2.2,12.8,2.2,4000
2021/5/14,0.74,3,2,4,3,91.6,1.4,12.89,1.4,3890
2021/5/15,0.65,3,2,4,3,79.6,1.9,13.03,1.9,4077
2021/5/16,0.65,3,2,4,3,70.7,1,13.08,1,4106
2021/5/17,0.7,3,2,4,3,78.5,1.7,13.19,1.7,4329
2021/5/18,0.79,3,2,4,3,78.2,1.9,13.29,1.9,4529
2021/5/19,0.83,3,2,4,3,83.2,2.1,13.38,2.1,3874
2021/5/20,0.83,3,2,4,3,81.6,1.5,13.48,1.5,4209
2021/5/21,0.74,3,2,4,3,86.5,2,13.48,2,4194
2021/5/22,0.67,3,2,4,3,89.8,2.2,13.7,2.2,3741
2021/5/23,0.65,3,2,4,3,91.5,2.3,13.76,2.3,4454
2021/5/24,0.66,3,2,4,3,91.6,2.2,13.93,2.2,3511
2021/5/25,0.68,3,2,4,3,90.5,2.7,14.03,2.7,4157
2021/5/26,0.69,3,2,4,3,88.9,2.7,14.24,2.7,3847
2021/5/27,0.66,3,2,4,3,87.4,2.1,14.44,2.1,3660
2021/5/28,0.57,3,2,4,3,89.1,2.3,14.58,2.3,3617
2021/5/29,0.49,3,2,4,3,81.2,1.8,14.86,1.8,3460
2021/5/30,0.48,3,2,4,3,86.4,2,14.98,2,3128
2021/5/31,0.57,3,2,4,3,90,2.1,15.1,2.1,2795
2021/6/1,0.65,3,2,4,3,86.2,2,15.3,2,3207
2021/6/2,0.72,3,2,4,3,86.4,2,15.48,2,2887
2021/6/3,0.71,3,2,4,3,89.6,2.2,15.67,2.2,2713
2021/6/4,0.65,3,2,4,3,94.1,2.1,16.05,2.1,3380
2021/6/5,0.54,3,2,4,3,96.8,2,16.19,2,2677
2021/6/6,0.51,3,2,4,3,97.7,1.8,16.37,1.8,2427
2021/6/7,0.56,3,2,4,3,90,1.8,16.54,1.8,2123
2021/6/8,0.68,3,2,4,3,90.8,2.1,16.77,2.1,2219
2021/6/9,0.76,3,2,4,3,86.6,2.1,17,2.1,2177
2021/6/10,0.76,3,2,4,3,85.4,1.9,17.24,1.9,7374
2021/6/11,0.68,3,2,4,3,90.6,2.1,17.49,2.1,4002
2021/6/12,0.55,3,2,4,3,88.3,2.2,17.67,2.2,3303
2021/6/13,0.51,3,2,4,3,85.8,2.2,17.9,2.2,3921
2021/6/14,0.54,3,2,4,3,87.9,2.2,18.14,2.2,2726
2021/6/15,0.66,3,2,4,3,86.8,1.8,18.32,1.8,2542
2021/6/16,0.76,3,2,4,3,86.2,2.5,18.54,2.5,2330
2021/6/17,0.82,3,2,4,3,85,2.3,18.87,2.3,1587
2021/6/18,0.74,3,2,4,3,91.1,2.2,19.12,2.2,1647
2021/6/19,0.67,3,2,4,3,94.7,2,19.44,2,1571
2021/6/20,0.65,3,2,4,3,94.9,2.2,19.68,2.2,1427
2021/6/21,0.73,3,2,4,3,89.1,1.8,20.33,1.8,1167
2021/6/22,0.83,3,2,4,3,89.7,2.1,20.8,2.1,1358
2021/6/23,0.94,3,2,4,3,88.9,1.6,21.05,1.6,1321
2021/6/24,0.96,3,2,4,3,93.4,2,21.53,2,1329
2021/6/25,0.89,3,2,4,3,94.8,1.9,22.01,1.9,1183
2021/6/26,0.79,3,2,4,3,97.8,2.2,22.6,2.2,1258
2021/6/27,0.78,3,2,4,3,100.9,1.9,22.82,1.9,979
2021/6/28,0.85,3,2,4,3,99.4,2.4,23.07,2.4,907
2021/6/29,0.94,3,2,4,3,91.9,1.7,23.5,1.7,817
2021/6/30,0.99,3,2,4,3,88.7,1.9,23.62,1.9,1005
2021/7/1,0.96,3,2,4,3,92.4,1.9,24.02,1.9,853
2021/7/2,0.88,3,2,4,3,93,2.1,24.09,2.1,738
2021/7/3,0.79,3,2,4,3,95.3,2.2,24.71,2.2,955
2021/7/4,0.82,3,2,4,3,97.3,2.4,24.93,2.4,723
2021/7/5,0.93,3,2,4,3,96.7,2.1,25.21,2.1,553
2021/7/6,1.05,3,2,4,3,91.8,2.4,25.43,2.4,930
2021/7/7,1.09,3,2,4,3,94.1,2.3,25.7,2.3,817
2021/7/8,1.04,3,2,4,3,91.3,1.9,26.48,1.9,911
2021/7/9,0.91,3,2,4,3,89.1,1.7,26.48,1.7,1206
2021/7/10,0.78,3,2,4,3,84.6,1.5,26.99,1.5,895
2021/7/11,0.78,3,2,4,3,82.2,2.1,27.08,2.1,724
2021/7/12,0.85,3,2,4,3,87.9,2,27.38,2,2020
2021/7/13,0.95,3,2,4,3,91.9,2,27.82,2,622
2021/7/14,1.05,3,2,4,3,90.9,2.3,28.09,2.3,583
2021/7/15,1.07,3,2,4,3,86.1,1.9,28.37,1.9,542
2021/7/16,0.98,3,2,4,3,78.8,1.1,28.68,1.1,560
2021/7/17,0.93,3,2,4,3,81.3,1.2,29.06,1.2,518
2021/7/18,0.93,3,2,4,3,86.1,2,29.06,2,499
2021/7/19,0.95,3,2,4,3,84.7,2.1,29.56,2.1,374
2021/7/20,0.64,3,2,4,3,87.3,2.3,29.82,2.3,3998
2021/7/21,0.98,3,2,4,3,88.3,2,29.99,2,507
2021/7/22,1.05,3,2,4,3,90.6,2.6,30.39,2.6,483
2021/7/23,1.17,3,2,4,3,86.7,1.9,30.71,1.9,0
2021/7/24,1.27,3,2,4,3,82.1,1.3,31.09,1.3,1081
2021/7/25,1.25,3,2,4,3,79.8,1.3,31.23,1.3,416
2021/7/26,1.18,2,2,4,3,83.7,2,31.71,2,415
2021/7/27,1.22,2,2,4,3,81.7,1.3,32.02,1.3,640
2021/7/28,0.86,2,2,4,3,86.3,2.3,32.35,2.3,640
2021/7/29,1.05,2,2,4,3,82.9,1.8,32.73,1.8,555
2021/7/30,0.97,2,2,4,3,83.2,1.5,33.12,1.5,593
2021/7/31,0.85,2,2,4,3,85.8,2.1,33.12,2.1,541
2021/8/1,0.85,2,2,4,3,86.6,2.6,33.89,2.6,422
2021/8/2,0.95,2,2,4,3,86.8,2.1,33.89,2.1,422
2021/8/3,1.04,2,2,4,3,87.2,1.9,34.83,1.9,562
2021/8/4,1.08,2,2,4,3,84.2,2,35.12,2,533
2021/8/5,1.02,2,2,4,3,82.3,1.4,35.55,1.4,464
2021/8/6,0.88,2,2,4,3,84.1,1.7,35.96,1.7,617
2021/8/7,0.74,2,2,4,3,87.9,2.4,36.37,2.4,491
2021/8/8,0.76,2,2,4,3,88.5,2.7,36.51,2.7,447
2021/8/9,0.88,2,2,4,3,89.4,2.6,36.92,2.6,373
2021/8/10,1.06,2,2,4,3,89.2,2.5,37.25,2.5,497
2021/8/11,1.12,2,2,4,3,89,2.6,37.58,2.6,490
2021/8/12,1.07,2,2,4,3,89.5,2.6,37.58,2.6,585
2021/8/13,0.9,2,2,4,3,91,2.3,38.48,2.3,478
2021/8/14,0.74,2,2,4,3,91.5,2.3,39.03,2.3,493
2021/8/15,0.71,2,2,4,3,91,2.4,39.03,2.4,417
2021/8/16,0.82,2,2,4,3,89.3,2,39.51,2,437
2021/8/17,0.98,2,2,4,3,80.6,1.8,39.94,1.8,440
2021/8/18,1.06,2,2,4,3,81.7,1.6,40.34,1.6,530
2021/8/19,0.98,2,2,4,3,85.5,1.9,40.66,1.9,540
2021/8/20,0.85,2,2,4,3,87.1,2.2,41.14,2.2,375
2021/8/21,0.76,2,2,4,3,88.1,2,41.36,2,403
2021/8/22,0.94,2,2,4,3,89.5,2.3,41.68,2.3,389
2021/8/23,1.24,2,2,4,3,87,2.4,41.79,2.4,354